Molecule name,Probability_of_prediction,prediction_class
Row727,0.5064062500000001,1
Row728,0.44765625000000003,0
Row729,0.34359375000000003,0
Row730,0.34546875,0
Row731,0.323125,0
Row732,0.40093750000000006,0
Row733,0.515,1
Row734,0.731875,1
Row735,0.2940625,0
