Molecule name,SlogP,SMR,LabuteASA,TPSA,AMW,ExactMW,NumLipinskiHBA,NumLipinskiHBD,NumRotatableBonds,NumHBD,NumHBA,NumAmideBonds,NumHeteroAtoms,NumHeavyAtoms,NumAtoms,NumRings,NumAromaticRings,NumSaturatedRings,NumAliphaticRings,NumAromaticHeterocycles,NumSaturatedHeterocycles,NumAliphaticHeterocycles,NumAromaticCarbocycles,NumSaturatedCarbocycles,NumAliphaticCarbocycles,FractionCSP3
Row727,5.9001,86.24,155.0460296,0,444.227,439.7587993,0,0,0,0,0,0,9,19,24,3,0,2,3,0,0,0,0,2,3,0.8
Row728,0.0853,88.4496,145.7554002,96.3,349.383,349.1525375,7,2,1,2,7,0,7,25,48,3,0,2,3,0,2,3,0,0,0,0.555555556
Row729,0.9314,33.6194,50.47209087,0,122.619,122.0731035,1,0,2,0,0,0,2,7,20,0,0,0,0,0,0,0,0,0,0,1
Row730,7.3442,107.0624,148.3728406,0,326.633,326.378127,1,0,18,0,0,0,1,23,71,0,0,0,0,0,0,0,0,0,0,1
Row731,10.1054,132.19,174.9473843,0,399.708,399.4114148,0,0,22,0,0,0,1,27,83,0,0,0,0,0,0,0,0,0,0,1
Row732,2.2999,32.4446,86.95253201,54.37,300.098,299.9502689,3,1,3,1,2,0,13,17,18,0,0,0,0,0,0,0,0,0,0,1
Row733,3.4542,95.86,153.6684455,153.69,408.413,408.0085927,9,3,4,3,7,0,11,27,39,3,3,0,0,0,0,0,3,0,0,0
Row734,4.7575,76.5837,136.7405308,89.67,361.659,360.9964847,6,1,4,1,4,0,10,24,31,2,2,0,0,0,0,0,2,0,0,0.071428571
Row735,0.142,7.5815,16.81731315,49.66,47.013,47.00072827,3,1,0,1,2,0,3,3,4,0,0,0,0,0,0,0,0,0,0,0